"Chromatography","MTBLS10","high-performance liquid chromatography-mass spectrometry","MTBLS10"
"Chromatography","MTBLS105","gas chromatography-mass spectrometry","MTBLS105"
"Chromatography","MTBLS11","gas chromatography-mass spectrometry","MTBLS11"
"Chromatography","MTBLS113","gas chromatography mass spectrometry","MTBLS113"
"Chromatography","MTBLS118","gas chromatography-mass spectrometry","MTBLS118"
"Chromatography","MTBLS119","ultra-performance liquid chromatography-mass spectrometry","MTBLS119"
"Chromatography","MTBLS119","hydrophilic interaction chromatography","MTBLS119"
"Chromatography","MTBLS12","gas chromatography-mass spectrometry","MTBLS12"
"Chromatography","MTBLS125","high-performance liquid chromatography-mass spectrometry","MTBLS125"
"Chromatography","MTBLS126","high-performance liquid chromatography-mass spectrometry","MTBLS126"
"Chromatography","MTBLS127","high-performance liquid chromatography-mass spectrometry","MTBLS127"
"Chromatography","MTBLS13","gas chromatography-mass spectrometry","MTBLS13"
"Chromatography","MTBLS14","gas chromatography-mass spectrometry","MTBLS14"
"Chromatography","MTBLS143","ultra-performance liquid chromatography-mass spectrometry","MTBLS143"
"Chromatography","MTBLS144","liquid chromatography-mass spectrometry","MTBLS144"
"Chromatography","MTBLS146","liquid chromatography-mass spectrometry","MTBLS146"
"Chromatography","MTBLS148","liquid chromatography-mass spectrometry","MTBLS148"
"Chromatography","MTBLS15","gas chromatography-mass spectrometry","MTBLS15"
"Chromatography","MTBLS150","two-dimensional gas chromatography–mass spectrometry ","MTBLS150"
"Chromatography","MTBLS152","two-dimensional gas chromatography–mass spectrometry ","MTBLS152"
"Chromatography","MTBLS154","liquid chromatography-mass spectrometry","MTBLS154"
"Chromatography","MTBLS155","liquid chromatography-mass spectrometry","MTBLS155"
"Chromatography","MTBLS157","liquid chromatography-mass spectrometry","MTBLS157"
"Chromatography","MTBLS16","gas chromatography-mass spectrometry","MTBLS16"
"Chromatography","MTBLS163","liquid chromatography-tandem mass spectrometry","MTBLS163"
"Chromatography","MTBLS165","high-performance liquid chromatography-mass spectrometry","MTBLS165"
"Chromatography","MTBLS169","ultra-performance liquid chromatography-mass spectrometry","MTBLS169"
"Chromatography","MTBLS17","ultra-performance liquid chromatography-mass spectrometry","MTBLS17"
"Chromatography","MTBLS171","gas chromatography-mass spectrometry","MTBLS171"
"Chromatography","MTBLS173","ultra-performance liquid chromatography-mass spectrometry","MTBLS173"
"Chromatography","MTBLS175","gas chromatography-mass spectrometry","MTBLS175"
"Chromatography","MTBLS178","ultra-performance liquid chromatography-mass spectrometry","MTBLS178"
"Chromatography","MTBLS187","gas chromatography-mass spectrometry","MTBLS187"
"Chromatography","MTBLS188","ultra-performance liquid chromatography-mass spectrometry","MTBLS188"
"Chromatography","MTBLS19","ultra-performance liquid chromatography-mass spectrometry","MTBLS19"
"Chromatography","MTBLS191","gas chromatography-mass spectrometry","MTBLS191"
"Chromatography","MTBLS197","high-performance liquid chromatography-mass spectrometry","MTBLS197"
"Chromatography","MTBLS2","ultra-performance liquid chromatography-mass spectrometry","MTBLS2"
"Chromatography","MTBLS20","ultra-performance liquid chromatography-mass spectrometry","MTBLS20"
"Chromatography","MTBLS202","gas chromatography mass spectrometry","MTBLS202"
"Chromatography","MTBLS203","ultra-performance liquid chromatography-mass spectrometry","MTBLS203"
"Chromatography","MTBLS208","gas chromatography-mass spectrometry","MTBLS208"
"Chromatography","MTBLS21","gas chromatography-mass spectrometry","MTBLS21"
"Chromatography","MTBLS212","two-dimensional gas chromatography","MTBLS212"
"Chromatography","MTBLS213","ultra-performance liquid chromatography-mass spectrometry","MTBLS213"
"Chromatography","MTBLS215","gas chromatography-mass spectrometry","MTBLS215"
"Chromatography","MTBLS218","ultra-performance liquid chromatography-mass spectrometry","MTBLS218"
"Chromatography","MTBLS219","gas chromatography-mass spectrometry","MTBLS219"
"Chromatography","MTBLS22","gas chromatography-mass spectrometry","MTBLS22"
"Chromatography","MTBLS226","two-dimensional gas chromatography","MTBLS226"
"Chromatography","MTBLS226","gas chromatography-mass spectrometry","MTBLS226"
"Chromatography","MTBLS228","nanoscale high performance liquid chromatography mass spectrometry","MTBLS228"
"Chromatography","MTBLS229","nanoscale high performance liquid chromatography mass spectrometry","MTBLS229"
"Chromatography","MTBLS23","gas chromatography-mass spectrometry","MTBLS23"
"Chromatography","MTBLS234","ultra-performance liquid chromatography-mass spectrometry","MTBLS234"
"Chromatography","MTBLS243","high-performance liquid chromatography-mass spectrometry","MTBLS243"
"Chromatography","MTBLS26","ultra-performance liquid chromatography-mass spectrometry","MTBLS26"
"Chromatography","MTBLS270","high-performance liquid chromatography-mass spectrometry","MTBLS270"
"Chromatography","MTBLS276","ultra-performance liquid chromatography-mass spectrometry","MTBLS276"
"Chromatography","MTBLS293","liquid chromatography-mass spectrometry","MTBLS293"
"Chromatography","MTBLS3","gas chromatography-mass spectrometry","MTBLS3"
"Chromatography","MTBLS35","gas chromatography mass spectrometry","MTBLS35"
"Chromatography","MTBLS38","Liquid Chromatography Mass Spectrometry","MTBLS38"
"Chromatography","MTBLS39","liquid chromatography-mass spectrometry","MTBLS39"
"Chromatography","MTBLS4","ultra-performance liquid chromatography-mass spectrometry","MTBLS4"
"Chromatography","MTBLS41","gas chromatography-mass spectrometry","MTBLS41"
"Chromatography","MTBLS42","gas chromatography-mass spectrometry","MTBLS42"
"Chromatography","MTBLS43","gas chromatography-mass spectrometry","MTBLS43"
"Chromatography","MTBLS44","gas chromatography-mass spectrometry","MTBLS44"
"Chromatography","MTBLS49","liquid chromatography-mass spectrometry","MTBLS49"
"Chromatography","MTBLS5","gas chromatography-mass spectrometry","MTBLS5"
"Chromatography","MTBLS52","ultra high performance liquid chromatography","MTBLS52"
"Chromatography","MTBLS52","high-performance liquid chromatography-mass spectrometry","MTBLS52"
"Chromatography","MTBLS54","gas chromatography-mass spectrometry","MTBLS54"
"Chromatography","MTBLS55","ultra-performance liquid chromatography-mass spectrometry","MTBLS55"
"Chromatography","MTBLS6","gas chromatography-mass spectrometry","MTBLS6"
"Chromatography","MTBLS67","high-performance liquid chromatography-mass spectrometry","MTBLS67"
"Chromatography","MTBLS7","gas chromatography-mass spectrometry","MTBLS7"
"Chromatography","MTBLS71","Gas Chromatography-Mass Spectrometry","MTBLS71"
"Chromatography","MTBLS72","ultra-performance liquid chromatography-mass spectrometry","MTBLS72"
"Chromatography","MTBLS74","ultra-performance liquid chromatography-mass spectrometry","MTBLS74"
"Chromatography","MTBLS75","gas chromatography","MTBLS75"
"Chromatography","MTBLS8","gas chromatography-mass spectrometry","MTBLS8"
"Chromatography","MTBLS81","liquid chromatography mass spectrometry platform","MTBLS81"
"Chromatography","MTBLS85","high-performance liquid chromatography","MTBLS85"
"Chromatography","MTBLS87","high-performance liquid chromatography-mass spectrometry","MTBLS87"
"Chromatography","MTBLS88","high-performance liquid chromatography-mass spectrometry","MTBLS88"
"Chromatography","MTBLS90","ultra-performance liquid chromatography-mass spectrometry","MTBLS90"
"Chromatography","MTBLS93","ultra-performance liquid chromatography-mass spectrometry","MTBLS93"
"Chromatography","MTBLS95","gas chromatography-mass spectrometry","MTBLS95"
"Chromatography","MTBLS96","gas chromatography electron ionisation mass spectrometry","MTBLS96"
"Chromatography","MTBLS99","liquid chromatography-mass spectrometry","MTBLS99"
