"MTBLS10","MTBLS10"
"MTBLS103","MTBLS103"
"MTBLS105","MTBLS105"
"MTBLS107","MTBLS107"
"MTBLS108","MTBLS108"
"MTBLS109","MTBLS109"
"MTBLS11","MTBLS11"
"MTBLS110","MTBLS110"
"MTBLS111","MTBLS111"
"MTBLS112","MTBLS112"
"MTBLS113","MTBLS113"
"MTBLS117","MTBLS117"
"MTBLS118","MTBLS118"
"MTBLS119","MTBLS119"
"MTBLS12","MTBLS12"
"MTBLS124","MTBLS124"
"MTBLS125","MTBLS125"
"MTBLS126","MTBLS126"
"MTBLS127","MTBLS127"
"MTBLS128","MTBLS128"
"MTBLS13","MTBLS13"
"MTBLS137","MTBLS137"
"MTBLS14","MTBLS14"
"MTBLS140","MTBLS140"
"MTBLS143","MTBLS143"
"MTBLS144","MTBLS144"
"MTBLS146","MTBLS146"
"MTBLS148","MTBLS148"
"MTBLS15","MTBLS15"
"MTBLS150","MTBLS150"
"MTBLS152","MTBLS152"
"MTBLS154","MTBLS154"
"MTBLS155","MTBLS155"
"MTBLS157","MTBLS157"
"MTBLS16","MTBLS16"
"MTBLS162","MTBLS162"
"MTBLS163","MTBLS163"
"MTBLS165","MTBLS165"
"MTBLS166","MTBLS166"
"MTBLS168","MTBLS168"
"MTBLS169","MTBLS169"
"MTBLS17","MTBLS17"
"MTBLS170","MTBLS170"
"MTBLS171","MTBLS171"
"MTBLS173","MTBLS173"
"MTBLS175","MTBLS175"
"MTBLS176","MTBLS176"
"MTBLS178","MTBLS178"
"MTBLS187","MTBLS187"
"MTBLS188","MTBLS188"
"MTBLS19","MTBLS19"
"MTBLS191","MTBLS191"
"MTBLS194","MTBLS194"
"MTBLS197","MTBLS197"
"MTBLS2","MTBLS2"
"MTBLS20","MTBLS20"
"MTBLS202","MTBLS202"
"MTBLS203","MTBLS203"
"MTBLS208","MTBLS208"
"MTBLS21","MTBLS21"
"MTBLS212","MTBLS212"
"MTBLS213","MTBLS213"
"MTBLS214","MTBLS214"
"MTBLS215","MTBLS215"
"MTBLS218","MTBLS218"
"MTBLS219","MTBLS219"
"MTBLS22","MTBLS22"
"MTBLS226","MTBLS226"
"MTBLS228","MTBLS228"
"MTBLS229","MTBLS229"
"MTBLS23","MTBLS23"
"MTBLS234","MTBLS234"
"MTBLS235","MTBLS235"
"MTBLS243","MTBLS243"
"MTBLS26","MTBLS26"
"MTBLS270","MTBLS270"
"MTBLS276","MTBLS276"
"MTBLS28","MTBLS28"
"MTBLS29","MTBLS29"
"MTBLS293","MTBLS293"
"MTBLS3","MTBLS3"
"MTBLS31","MTBLS31"
"MTBLS32","MTBLS32"
"MTBLS33","MTBLS33"
"MTBLS34","MTBLS34"
"MTBLS35","MTBLS35"
"MTBLS36","MTBLS36"
"MTBLS37","MTBLS37"
"MTBLS38","MTBLS38"
"MTBLS39","MTBLS39"
"MTBLS4","MTBLS4"
"MTBLS40","MTBLS40"
"MTBLS41","MTBLS41"
"MTBLS42","MTBLS42"
"MTBLS43","MTBLS43"
"MTBLS44","MTBLS44"
"MTBLS45","MTBLS45"
"MTBLS47","MTBLS47"
"MTBLS49","MTBLS49"
"MTBLS5","MTBLS5"
"MTBLS52","MTBLS52"
"MTBLS54","MTBLS54"
"MTBLS55","MTBLS55"
"MTBLS57","MTBLS57"
"MTBLS59","MTBLS59"
"MTBLS6","MTBLS6"
"MTBLS61","MTBLS61"
"MTBLS67","MTBLS67"
"MTBLS69","MTBLS69"
"MTBLS7","MTBLS7"
"MTBLS71","MTBLS71"
"MTBLS72","MTBLS72"
"MTBLS74","MTBLS74"
"MTBLS75","MTBLS75"
"MTBLS79","MTBLS79"
"MTBLS8","MTBLS8"
"MTBLS81","MTBLS81"
"MTBLS85","MTBLS85"
"MTBLS86","MTBLS86"
"MTBLS87","MTBLS87"
"MTBLS88","MTBLS88"
"MTBLS90","MTBLS90"
"MTBLS91","MTBLS91"
"MTBLS92","MTBLS92"
"MTBLS93","MTBLS93"
"MTBLS95","MTBLS95"
"MTBLS96","MTBLS96"
"MTBLS99","MTBLS99"
